[
  {
    "line": 1,
    "elements": [
      {
        "line": 5,
        "name": "Login Icompass with valid credentials",
        "description": "",
        "id": "multiple-scenario-testing;login-icompass-with-valid-credentials",
        "type": "scenario",
        "keyword": "Scenario",
        "steps": [
          {
            "result": {
              "duration": 8795269300,
              "status": "passed"
            },
            "line": 6,
            "name": "Navigate to Icompass URl",
            "match": {
              "location": "StepDef.navigate_to_Icompass_URl()"
            },
            "keyword": "Given "
          },
          {
            "result": {
              "duration": 185451900,
              "status": "passed"
            },
            "line": 7,
            "name": "user Enter valid username \"190115\" and valid password \"Love*Care\"",
            "match": {
              "arguments": [
                {
                  "val": "190115",
                  "offset": 27
                },
                {
                  "val": "Love*Care",
                  "offset": 55
                }
              ],
              "location": "StepDef.user_Enter_valid_username_and_valid_password(String,String)"
            },
            "keyword": "When "
          },
          {
            "result": {
              "duration": 297020900,
              "status": "passed"
            },
            "line": 8,
            "name": "Login Successfully",
            "match": {
              "location": "StepDef.login_Successfully()"
            },
            "keyword": "Then "
          }
        ],
        "tags": [
          {
            "line": 3,
            "name": "@SmokeTest"
          },
          {
            "line": 4,
            "name": "@Test"
          }
        ]
      },
      {
        "line": 12,
        "name": "Climate updates",
        "description": "",
        "id": "multiple-scenario-testing;climate-updates",
        "type": "scenario",
        "keyword": "Scenario",
        "steps": [
          {
            "result": {
              "duration": 7109931000,
              "status": "passed"
            },
            "line": 13,
            "name": "Navigate to Google URl",
            "match": {
              "location": "StepDef.navigate_to_Google_URl()"
            },
            "keyword": "Given "
          },
          {
            "result": {
              "duration": 3656638900,
              "status": "passed"
            },
            "line": 14,
            "name": "user Enter input \"chennai climate\"",
            "match": {
              "arguments": [
                {
                  "val": "chennai climate",
                  "offset": 18
                }
              ],
              "location": "StepDef.user_Enter_input(String)"
            },
            "keyword": "When "
          },
          {
            "result": {
              "duration": 2111249900,
              "status": "passed"
            },
            "line": 15,
            "name": "climate display detail",
            "match": {
              "location": "StepDef.climate_display_detail()"
            },
            "keyword": "Then "
          }
        ],
        "tags": [
          {
            "line": 11,
            "name": "@Test"
          }
        ]
      }
    ],
    "name": "Multiple Scenario Testing",
    "description": "",
    "id": "multiple-scenario-testing",
    "keyword": "Feature",
    "uri": "src/login.feature"
  }
]